{"cameraMode":{"drawMode":0,"name":"Shaded","section":"Shading Mode"},"sceneLighting":true,"audioPlay":false,"sceneViewState":{"showFog":true,"showMaterialUpdate":false,"showSkybox":true,"showFlares":true,"showImageEffects":true,"showParticleSystems":true},"in2DMode":false,"pivot":{"x":-3.905269145965576,"y":0.46001601219177248,"z":-0.11879837512969971},"rotation":{"x":0.025420857593417169,"y":-0.8372017741203308,"z":0.03892265632748604,"w":0.5451499819755554},"size":2.9904208183288576,"orthographic":false}